All-Remembrances$8129$135.483$2.25806,
firstStep,
gatefront,
godrick,
liurniaHighwaySouth,
smarag,
rayaSouth,
rayaNorth,
cuckooChurch,
redWolf,
rennala,
dectus,
draconicTreeSentinel,
godfreyGoldenShade,
morgott,
gurranq,
dectusFaroth,
rold,
mountaintopsFork,
fireGiant,
godskinDuo,
greatBridge,
maliketh,
gideon,
godfrey,
radagonAndEldenBeast,
thirdChurch,
margit,
dectusHaight,
placidusax,
niallMedalion,
albinauricMedalion,
snowfieldInner,
cariaGate,
fiasChamps,
haligtreeCanopy,
snowfieldMohgTele,
mohgwynPalace,
radahn,
abductorDuo,
ancestralWoods,
deeprootMain,
valiantGargs,
royalKnightLoretta,
lorettaHaligtree,
regalAncestor,
rayaAbuctor,
ranni,
fingerslayer,
liurniaTower,
fortissax,
ainselMain,
mohg,
godskinNoble,
rykard,
malenia,
astel,
